date,channel,spend,impressions,clicks,conversions,revenue
2025-01-01,Google Ads,1011.76,115259,4488,254,20697.88
2025-01-01,Meta Ads,659.03,48428,2404,114,11002.31
2025-01-01,LinkedIn Ads,353.05,28565,638,24,2127.11
2025-01-01,Email,62.6,6004,160,11,986.85
2025-01-01,Organic,0.0,5247,155,6,489.68
2025-01-02,Google Ads,915.19,96594,1628,92,6231.63
2025-01-02,Meta Ads,765.75,56591,2996,141,11368.07
2025-01-02,LinkedIn Ads,339.83,26276,914,37,3601.51
2025-01-02,Email,83.37,7395,264,19,1671.11
2025-01-02,Organic,0.0,3202,155,0,0.0
2025-01-03,Google Ads,938.86,84114,3181,191,17852.19
2025-01-03,Meta Ads,704.46,85008,3816,191,19303.37
2025-01-03,LinkedIn Ads,409.64,35458,952,37,2104.0
2025-01-03,Email,79.0,6920,107,10,713.99
2025-01-03,Organic,0.0,2918,133,2,151.3
2025-01-04,Google Ads,560.67,41384,1135,71,7291.4
2025-01-04,Meta Ads,542.81,58761,2966,146,12243.99
2025-01-04,LinkedIn Ads,497.3,51558,2363,93,12609.35
2025-01-04,Email,92.39,8837,141,9,905.74
2025-01-04,Organic,0.0,2595,111,3,208.73
2025-01-05,Google Ads,580.82,73514,2863,178,17012.3
2025-01-05,Meta Ads,763.16,82010,2199,111,7844.35
2025-01-05,LinkedIn Ads,358.52,44097,1233,45,3603.85
2025-01-05,Email,94.15,11713,303,24,1673.13
2025-01-05,Organic,0.0,3209,113,0,0.0
2025-01-06,Google Ads,822.89,104156,2908,181,20505.99
2025-01-06,Meta Ads,730.55,67077,3613,181,15313.01
2025-01-06,LinkedIn Ads,406.02,29675,775,35,2874.01
2025-01-06,Email,129.05,10155,351,34,3273.49
2025-01-06,Organic,0.0,2622,64,1,106.02
2025-01-07,Google Ads,889.78,105871,4968,314,26822.35
2025-01-07,Meta Ads,490.51,54813,2704,137,10242.87
2025-01-07,LinkedIn Ads,488.75,44437,837,34,2816.83
2025-01-07,Email,138.51,13998,679,64,6278.38
2025-01-07,Organic,0.0,4469,232,4,373.37
2025-01-08,Google Ads,1134.87,117245,4242,269,21555.68
2025-01-08,Meta Ads,663.97,82221,4194,214,22012.23
2025-01-08,LinkedIn Ads,529.94,65620,3312,131,12348.66
2025-01-08,Email,156.51,11745,252,23,2247.35
2025-01-08,Organic,0.0,5798,173,2,137.18
2025-01-09,Google Ads,252.12,32692,720,43,3651.87
2025-01-09,Meta Ads,632.92,51095,1515,79,7850.72
2025-01-09,LinkedIn Ads,441.81,44414,1796,68,6330.4
2025-01-09,Email,75.05,9661,333,30,2942.47
2025-01-09,Organic,0.0,5848,205,4,503.21
2025-01-10,Google Ads,1040.78,90387,1443,87,5997.49
2025-01-10,Meta Ads,784.43,99173,5271,267,25554.57
2025-01-10,LinkedIn Ads,447.32,57175,2808,110,7952.79
2025-01-10,Email,74.55,9026,249,22,1458.91
2025-01-10,Organic,0.0,4258,207,5,343.98
2025-01-11,Google Ads,606.22,53175,1483,89,8165.45
2025-01-11,Meta Ads,1011.31,88783,2822,142,9011.53
2025-01-11,LinkedIn Ads,281.67,20916,645,26,2236.66
2025-01-11,Email,107.72,10374,434,36,2814.28
2025-01-11,Organic,0.0,5761,152,2,172.41
2025-01-12,Google Ads,699.05,70837,3244,193,17996.02
2025-01-12,Meta Ads,477.6,35877,612,34,3830.14
2025-01-12,LinkedIn Ads,536.34,68947,2458,95,9568.43
2025-01-12,Email,101.14,8723,284,23,2528.15
2025-01-12,Organic,0.0,3581,184,0,0.0
2025-01-13,Google Ads,941.37,95079,3925,230,25261.34
2025-01-13,Meta Ads,618.99,45101,1697,79,6402.86
2025-01-13,LinkedIn Ads,371.93,47894,1054,37,2840.16
2025-01-13,Email,152.9,14966,613,51,4736.33
2025-01-13,Organic,0.0,5309,277,12,1035.15
2025-01-14,Google Ads,1118.84,141682,7476,427,38498.76
2025-01-14,Meta Ads,862.09,101775,4283,196,17260.59
2025-01-14,LinkedIn Ads,448.12,48198,2304,84,5697.36
2025-01-14,Email,137.74,11905,280,22,1833.23
2025-01-14,Organic,0.0,3253,137,2,155.21
2025-01-15,Google Ads,767.39,59158,2536,141,13887.65
2025-01-15,Meta Ads,753.78,86009,4054,180,13787.51
2025-01-15,LinkedIn Ads,474.73,61444,1935,68,7083.22
2025-01-15,Email,102.25,9248,483,38,3856.3
2025-01-15,Organic,0.0,4048,180,2,129.74
2025-01-16,Google Ads,826.66,77190,2076,117,10633.03
2025-01-16,Meta Ads,678.21,75014,2573,110,9326.44
2025-01-16,LinkedIn Ads,420.19,43373,1019,32,3590.56
2025-01-16,Email,132.14,16929,719,55,4743.25
2025-01-16,Organic,0.0,5801,106,1,88.06
2025-01-17,Google Ads,1025.8,76812,1412,74,7571.33
2025-01-17,Meta Ads,616.46,78188,4256,178,18761.5
2025-01-17,LinkedIn Ads,196.29,24415,474,18,1448.37
2025-01-17,Email,119.86,11760,202,17,1641.57
2025-01-17,Organic,0.0,4496,110,0,0.0
2025-01-18,Google Ads,912.92,87804,4134,205,17565.24
2025-01-18,Meta Ads,768.11,68638,1148,48,3312.25
2025-01-18,LinkedIn Ads,329.82,42793,1834,56,5966.87
2025-01-18,Email,98.95,12360,659,47,3571.57
2025-01-18,Organic,0.0,5979,237,2,152.02
2025-01-19,Google Ads,422.12,44331,802,38,3424.8
2025-01-19,Meta Ads,1028.33,91080,4331,171,15796.77
2025-01-19,LinkedIn Ads,267.98,33755,1675,55,5648.04
2025-01-19,Email,105.92,13689,287,16,1684.93
2025-01-19,Organic,0.0,5374,261,4,414.27
2025-01-20,Google Ads,541.25,39718,1969,93,7912.31
2025-01-20,Meta Ads,708.22,82252,4342,169,15943.92
2025-01-20,LinkedIn Ads,293.24,37312,1464,44,4209.67
2025-01-20,Email,86.26,9237,270,19,1401.68
2025-01-20,Organic,0.0,3173,108,0,0.0
2025-01-21,Google Ads,773.27,73639,3415,166,16972.56
2025-01-21,Meta Ads,791.91,98346,3903,150,13290.79
2025-01-21,LinkedIn Ads,482.34,36397,1603,52,2837.2
2025-01-21,Email,178.84,22288,599,44,3890.22
2025-01-21,Organic,0.0,3296,68,1,96.95
2025-01-22,Google Ads,836.69,107767,3740,171,17414.67
2025-01-22,Meta Ads,447.79,37797,681,23,2123.25
2025-01-22,LinkedIn Ads,474.74,46731,1948,57,4463.09
2025-01-22,Email,105.73,7660,166,9,689.53
2025-01-22,Organic,0.0,3928,145,0,0.0
2025-01-23,Google Ads,625.84,47274,1618,73,6339.14
2025-01-23,Meta Ads,1045.36,83020,2498,96,7043.67
2025-01-23,LinkedIn Ads,402.38,50474,1233,37,3251.61
2025-01-23,Email,167.91,19012,332,24,2209.57
2025-01-23,Organic,0.0,4910,178,2,141.33
2025-01-24,Google Ads,538.55,46398,1396,66,4969.89
2025-01-24,Meta Ads,510.73,39420,1995,80,7857.97
2025-01-24,LinkedIn Ads,399.2,30026,1095,35,3774.64
2025-01-24,Email,136.17,13058,262,16,1028.13
2025-01-24,Organic,0.0,3805,149,2,120.86
2025-01-25,Google Ads,1011.73,71278,1711,81,6634.42
2025-01-25,Meta Ads,301.36,36479,675,28,2440.99
2025-01-25,LinkedIn Ads,579.52,69108,3022,91,5351.49
2025-01-25,Email,198.5,23882,554,39,2838.35
2025-01-25,Organic,0.0,4687,91,0,0.0
2025-01-26,Google Ads,643.69,63640,2310,113,9353.21
2025-01-26,Meta Ads,628.69,49078,860,33,3181.32
2025-01-26,LinkedIn Ads,510.63,53993,1828,58,3389.89
2025-01-26,Email,89.02,11196,539,38,3280.95
2025-01-26,Organic,0.0,5135,154,3,270.89
2025-01-27,Google Ads,1019.68,120294,5774,290,22154.17
2025-01-27,Meta Ads,580.87,62748,3219,133,7898.98
2025-01-27,LinkedIn Ads,349.92,39480,2012,68,6502.08
2025-01-27,Email,186.25,17940,683,47,2857.55
2025-01-27,Organic,0.0,4497,79,1,62.04
2025-01-28,Google Ads,479.85,54622,2335,119,13159.9
2025-01-28,Meta Ads,694.34,72481,3979,169,16925.08
2025-01-28,LinkedIn Ads,350.31,28821,1255,42,4604.52
2025-01-28,Email,118.84,9052,330,23,1197.2
2025-01-28,Organic,0.0,5495,169,2,181.32
2025-01-29,Google Ads,1070.32,121162,4924,260,23712.4
2025-01-29,Meta Ads,1028.44,87528,2523,106,11388.71
2025-01-29,LinkedIn Ads,465.44,36863,1417,47,5719.26
2025-01-29,Email,123.88,8805,439,34,3260.14
2025-01-29,Organic,0.0,3847,179,2,209.06
2025-01-30,Google Ads,758.83,61601,2987,163,10835.56
2025-01-30,Meta Ads,507.61,42458,1669,77,5747.59
2025-01-30,LinkedIn Ads,461.62,49034,959,32,3224.86
2025-01-30,Email,112.58,14114,474,39,3292.48
2025-01-30,Organic,0.0,5187,124,0,0.0
2025-01-31,Google Ads,898.5,85479,4410,247,24998.1
2025-01-31,Meta Ads,377.14,40707,631,27,2504.25
2025-01-31,LinkedIn Ads,320.09,41551,1457,52,3891.5
2025-01-31,Email,124.48,14314,334,27,2357.79
2025-01-31,Organic,0.0,4832,193,6,474.49
2025-02-01,Google Ads,528.58,59647,2153,127,7871.44
2025-02-01,Meta Ads,1189.31,118717,5415,257,19085.55
2025-02-01,LinkedIn Ads,410.97,35482,1805,66,7010.81
2025-02-01,Email,123.75,15931,774,65,6523.68
2025-02-01,Organic,0.0,2812,67,2,136.13
2025-02-02,Google Ads,781.98,85364,2093,126,10255.78
2025-02-02,Meta Ads,634.41,71901,3539,172,17611.07
2025-02-02,LinkedIn Ads,291.89,25566,1300,50,4494.6
2025-02-02,Email,82.47,7857,398,33,3324.26
2025-02-02,Organic,0.0,3245,155,2,167.1
2025-02-03,Google Ads,793.01,92329,2724,168,13355.23
2025-02-03,Meta Ads,782.67,100551,4644,232,16323.59
2025-02-03,LinkedIn Ads,398.01,32209,1107,43,4752.42
2025-02-03,Email,122.63,13726,426,39,2612.9
2025-02-03,Organic,0.0,5041,274,3,259.54
2025-02-04,Google Ads,533.34,55067,2260,141,10992.75
2025-02-04,Meta Ads,792.21,55977,1146,61,6622.0
2025-02-04,LinkedIn Ads,299.62,37412,1187,47,4265.45
2025-02-04,Email,48.91,3561,77,6,527.87
2025-02-04,Organic,0.0,5863,268,7,581.92
2025-02-05,Google Ads,1068.31,135630,4186,266,15608.4
2025-02-05,Meta Ads,678.32,69453,1491,77,6813.74
2025-02-05,LinkedIn Ads,351.99,31912,927,41,4502.81
2025-02-05,Email,98.87,10470,349,33,2510.74
2025-02-05,Organic,0.0,5364,109,2,188.62
2025-02-06,Google Ads,939.98,115032,5094,319,29793.6
2025-02-06,Meta Ads,889.14,99171,4856,250,15021.4
2025-02-06,LinkedIn Ads,442.96,35806,1350,54,3714.34
2025-02-06,Email,151.59,19019,1024,94,8950.92
2025-02-06,Organic,0.0,3489,59,4,177.25
2025-02-07,Google Ads,1203.27,110558,4137,264,26474.79
2025-02-07,Meta Ads,691.23,70378,2297,121,6828.31
2025-02-07,LinkedIn Ads,417.54,45804,2038,84,3804.46
2025-02-07,Email,141.89,17395,551,51,4319.79
2025-02-07,Organic,0.0,2750,137,4,342.82
2025-02-08,Google Ads,1175.21,110606,3782,236,23316.19
2025-02-08,Meta Ads,754.93,97419,4455,225,13189.73
2025-02-08,LinkedIn Ads,312.74,23964,699,29,2027.34
2025-02-08,Email,88.47,7433,124,7,468.22
2025-02-08,Organic,0.0,5915,118,3,186.04
2025-02-09,Google Ads,1087.1,140617,6290,391,32360.01
2025-02-09,Meta Ads,584.6,70309,1703,86,6663.53
2025-02-09,LinkedIn Ads,446.86,48165,1139,46,5636.17
2025-02-09,Email,134.09,13610,345,27,3577.79
2025-02-09,Organic,0.0,5716,120,1,94.49
2025-02-10,Google Ads,945.66,99839,3814,230,17435.88
2025-02-10,Meta Ads,632.15,77960,4149,208,18723.51
2025-02-10,LinkedIn Ads,465.85,35041,1098,46,2958.27
2025-02-10,Email,98.07,11121,387,33,2915.78
2025-02-10,Organic,0.0,3092,53,1,100.46
2025-02-11,Google Ads,934.06,102491,3766,227,20689.05
2025-02-11,Meta Ads,811.65,82199,4087,198,15421.79
2025-02-11,LinkedIn Ads,353.55,29811,1556,57,5116.72
2025-02-11,Email,101.11,8225,413,35,3266.93
2025-02-11,Organic,0.0,3554,170,2,144.99
2025-02-12,Google Ads,744.85,88695,4282,250,20403.57
2025-02-12,Meta Ads,700.6,61107,2424,115,9930.17
2025-02-12,LinkedIn Ads,475.33,48673,2248,80,7119.9
2025-02-12,Email,107.96,11063,592,52,3295.63
2025-02-12,Organic,0.0,3745,169,2,184.75
2025-02-13,Google Ads,1010.34,113678,3858,217,16535.79
2025-02-13,Meta Ads,1034.39,112598,4366,201,16576.8
2025-02-13,LinkedIn Ads,355.08,42300,1061,40,3806.98
2025-02-13,Email,118.56,9026,443,39,3377.99
2025-02-13,Organic,0.0,3598,85,2,153.08
2025-02-14,Google Ads,611.93,77747,1635,91,8622.52
2025-02-14,Meta Ads,682.64,64976,2634,115,8581.46
2025-02-14,LinkedIn Ads,395.44,48894,1183,41,2715.3
2025-02-14,Email,163.31,19901,675,54,4959.97
2025-02-14,Organic,0.0,3090,102,1,85.35
2025-02-15,Google Ads,753.76,94001,5047,270,22295.42
2025-02-15,Meta Ads,465.28,32603,1269,52,4892.81
2025-02-15,LinkedIn Ads,251.32,20017,821,28,2754.11
2025-02-15,Email,68.47,6572,357,27,1817.95
2025-02-15,Organic,0.0,4513,138,7,542.93
2025-02-16,Google Ads,1130.29,137451,6349,325,27507.14
2025-02-16,Meta Ads,600.07,45783,1130,52,4402.37
2025-02-16,LinkedIn Ads,452.49,31939,896,33,2371.22
2025-02-16,Email,121.13,11027,180,13,962.28
2025-02-16,Organic,0.0,4741,256,6,421.91
2025-02-17,Google Ads,979.18,75840,3856,193,21331.41
2025-02-17,Meta Ads,942.05,100588,2711,113,10553.11
2025-02-17,LinkedIn Ads,366.46,40181,1491,52,5474.15
2025-02-17,Email,133.92,13238,220,15,1001.73
2025-02-17,Organic,0.0,5525,96,0,0.0
2025-02-18,Google Ads,827.92,106430,3030,148,13740.69
2025-02-18,Meta Ads,599.6,65669,2293,95,8696.76
2025-02-18,LinkedIn Ads,403.8,33100,1397,43,3488.99
2025-02-18,Email,69.94,8539,376,25,2715.25
2025-02-18,Organic,0.0,3015,133,2,217.41
2025-02-19,Google Ads,1114.27,117313,1897,96,10418.94
2025-02-19,Meta Ads,429.88,45508,2126,81,5228.91
2025-02-19,LinkedIn Ads,332.75,39983,976,25,1946.39
2025-02-19,Email,161.65,17152,691,48,2406.23
2025-02-19,Organic,0.0,4840,238,0,0.0
2025-02-20,Google Ads,864.74,87242,2562,122,8255.31
2025-02-20,Meta Ads,755.86,70646,3799,148,9814.4
2025-02-20,LinkedIn Ads,510.77,39764,2139,62,3823.01
2025-02-20,Email,111.83,8321,181,8,710.5
2025-02-20,Organic,0.0,3361,70,5,330.51
2025-02-21,Google Ads,608.29,64680,1893,85,9130.73
2025-02-21,Meta Ads,731.11,82120,2698,103,10438.18
2025-02-21,LinkedIn Ads,348.36,45008,896,26,1727.44
2025-02-21,Email,138.88,11221,208,14,1002.14
2025-02-21,Organic,0.0,3535,74,3,270.59
2025-02-22,Google Ads,1124.55,111702,4655,212,21544.02
2025-02-22,Meta Ads,518.02,42534,1783,67,7618.6
2025-02-22,LinkedIn Ads,380.93,42495,2062,61,5322.63
2025-02-22,Email,130.95,13072,519,35,3526.59
2025-02-22,Organic,0.0,3087,60,2,174.23
2025-02-23,Google Ads,1013.84,106078,3070,146,13159.92
2025-02-23,Meta Ads,505.47,45030,2236,85,6577.71
2025-02-23,LinkedIn Ads,430.24,49869,2594,76,7487.68
2025-02-23,Email,115.83,14209,393,26,2579.79
2025-02-23,Organic,0.0,3321,136,4,252.28
2025-02-24,Google Ads,1163.61,108011,3989,194,19584.98
2025-02-24,Meta Ads,1093.07,105662,1646,62,5560.23
2025-02-24,LinkedIn Ads,526.92,52705,1933,60,3632.39
2025-02-24,Email,125.13,12337,379,29,2606.43
2025-02-24,Organic,0.0,4911,261,4,363.53
2025-02-25,Google Ads,857.5,65242,2246,110,7913.56
2025-02-25,Meta Ads,527.75,46673,2199,84,7640.02
2025-02-25,LinkedIn Ads,551.45,47621,1502,48,3983.33
2025-02-25,Email,115.22,12774,284,23,2031.69
2025-02-25,Organic,0.0,4859,227,2,165.49
2025-02-26,Google Ads,796.13,80879,1576,81,9978.45
2025-02-26,Meta Ads,772.28,90839,3712,151,10385.58
2025-02-26,LinkedIn Ads,417.65,43184,1089,35,3536.67
2025-02-26,Email,92.61,11212,469,35,3332.53
2025-02-26,Organic,0.0,5540,177,2,152.42
2025-02-27,Google Ads,881.94,90065,1993,105,7250.14
2025-02-27,Meta Ads,570.49,46992,1904,81,5242.12
2025-02-27,LinkedIn Ads,466.7,51593,1687,52,5752.67
2025-02-27,Email,107.62,7635,218,17,1752.04
2025-02-27,Organic,0.0,3625,138,1,81.95
2025-02-28,Google Ads,769.12,64298,1877,97,8294.59
2025-02-28,Meta Ads,565.25,41860,1968,86,5302.89
2025-02-28,LinkedIn Ads,433.09,44165,1235,43,4446.85
2025-02-28,Email,83.71,10852,450,38,3468.84
2025-02-28,Organic,0.0,4321,122,0,0.0
2025-03-01,Google Ads,924.86,106627,2326,128,7892.47
2025-03-01,Meta Ads,381.17,45476,684,26,2015.27
2025-03-01,LinkedIn Ads,324.67,35809,670,25,2429.99
2025-03-01,Email,99.41,12116,476,35,2988.05
2025-03-01,Organic,0.0,5056,83,0,0.0
2025-03-02,Google Ads,741.54,93594,3477,196,14166.59
2025-03-02,Meta Ads,419.82,40652,1586,75,6410.18
2025-03-02,LinkedIn Ads,425.13,51477,1201,43,3372.11
2025-03-02,Email,154.99,19013,945,79,7425.52
2025-03-02,Organic,0.0,3447,164,2,153.69
2025-03-03,Google Ads,919.65,115842,4402,257,14253.94
2025-03-03,Meta Ads,661.81,70404,1448,69,5745.33
2025-03-03,LinkedIn Ads,451.03,34867,1189,46,2818.93
2025-03-03,Email,121.08,9056,417,35,2466.0
2025-03-03,Organic,0.0,3042,107,0,0.0
2025-03-04,Google Ads,627.82,67286,2759,166,13578.53
2025-03-04,Meta Ads,960.88,70614,3869,189,15109.36
2025-03-04,LinkedIn Ads,338.66,37770,660,24,2097.81
2025-03-04,Email,120.09,14271,565,51,3199.05
2025-03-04,Organic,0.0,2623,128,4,380.41
2025-03-05,Google Ads,1285.77,117331,4226,256,16702.89
2025-03-05,Meta Ads,686.9,64036,3429,170,13456.98
2025-03-05,LinkedIn Ads,536.94,56340,2379,91,8359.54
2025-03-05,Email,84.19,7527,364,29,2688.09
2025-03-05,Organic,0.0,4520,241,3,253.61
2025-03-06,Google Ads,458.96,55379,1047,69,4630.18
2025-03-06,Meta Ads,692.98,62008,2759,135,10573.98
2025-03-06,LinkedIn Ads,312.52,36596,1854,68,6945.17
2025-03-06,Email,86.38,8314,209,18,1778.76
2025-03-06,Organic,0.0,3214,111,0,0.0
2025-03-07,Google Ads,982.45,95334,4795,300,22780.47
2025-03-07,Meta Ads,686.73,49637,2226,116,10861.14
2025-03-07,LinkedIn Ads,156.61,15303,836,33,2502.61
2025-03-07,Email,155.84,14762,545,48,3975.79
2025-03-07,Organic,0.0,4915,264,8,589.18
2025-03-08,Google Ads,580.09,47765,948,62,6505.22
2025-03-08,Meta Ads,797.34,86618,3136,160,15826.82
2025-03-08,LinkedIn Ads,405.7,42576,1912,77,7166.73
2025-03-08,Email,152.18,11821,337,28,1554.13
2025-03-08,Organic,0.0,4671,142,2,147.19
2025-03-09,Google Ads,947.38,94513,1465,93,8945.93
2025-03-09,Meta Ads,636.97,54464,2002,101,9502.39
2025-03-09,LinkedIn Ads,270.64,19819,551,22,1596.61
2025-03-09,Email,147.28,15077,665,61,4560.67
2025-03-09,Organic,0.0,4983,237,5,313.1
2025-03-10,Google Ads,1011.25,103687,4003,253,14297.63
2025-03-10,Meta Ads,713.73,74156,3155,162,15957.56
2025-03-10,LinkedIn Ads,337.76,32997,507,21,2045.96
2025-03-10,Email,92.2,11940,226,23,1809.13
2025-03-10,Organic,0.0,5020,186,5,533.49
2025-03-11,Google Ads,784.21,91773,3411,209,13219.7
2025-03-11,Meta Ads,506.4,39971,1088,53,2840.17
2025-03-11,LinkedIn Ads,458.91,48452,1485,59,6502.77
2025-03-11,Email,97.47,6841,272,26,1986.53
2025-03-11,Organic,0.0,5591,173,3,303.39
2025-03-12,Google Ads,779.02,65068,2805,172,14568.46
2025-03-12,Meta Ads,583.36,61813,2416,118,10713.02
2025-03-12,LinkedIn Ads,506.76,65330,1528,61,5259.63
2025-03-12,Email,159.2,14711,292,24,2321.7
2025-03-12,Organic,0.0,3330,79,4,377.85
2025-03-13,Google Ads,669.56,72426,3362,204,16646.96
2025-03-13,Meta Ads,532.1,64058,1944,98,10598.57
2025-03-13,LinkedIn Ads,351.12,31625,507,17,1480.93
2025-03-13,Email,66.95,5886,309,25,1526.99
2025-03-13,Organic,0.0,3080,149,4,308.04
2025-03-14,Google Ads,636.77,49673,905,47,3975.6
2025-03-14,Meta Ads,1010.14,97187,4293,203,18682.42
2025-03-14,LinkedIn Ads,300.16,34543,1425,53,4425.38
2025-03-14,Email,113.89,9760,242,20,1810.21
2025-03-14,Organic,0.0,5971,270,8,647.47
2025-03-15,Google Ads,895.19,64468,1128,62,3015.46
2025-03-15,Meta Ads,854.71,77642,3959,183,16971.25
2025-03-15,LinkedIn Ads,243.75,27750,1505,53,5136.44
2025-03-15,Email,82.37,6745,253,21,1773.77
2025-03-15,Organic,0.0,2883,154,1,109.44
2025-03-16,Google Ads,959.38,98534,5342,292,22665.16
2025-03-16,Meta Ads,455.59,46722,2180,102,10108.69
2025-03-16,LinkedIn Ads,455.13,43564,899,30,2044.07
2025-03-16,Email,139.51,10582,523,45,3648.88
2025-03-16,Organic,0.0,3087,53,3,257.57
2025-03-17,Google Ads,754.37,88394,2037,108,8031.37
2025-03-17,Meta Ads,610.67,54846,2482,105,9074.62
2025-03-17,LinkedIn Ads,363.95,35330,1921,66,5549.57
2025-03-17,Email,97.92,12196,445,32,2717.41
2025-03-17,Organic,0.0,4314,206,6,458.87
2025-03-18,Google Ads,488.08,57383,2186,113,11618.91
2025-03-18,Meta Ads,793.93,74437,3841,159,13795.77
2025-03-18,LinkedIn Ads,498.26,44347,2185,73,5914.23
2025-03-18,Email,134.5,17352,357,25,1931.61
2025-03-18,Organic,0.0,3112,137,1,99.16
2025-03-19,Google Ads,706.65,91373,3144,159,14391.54
2025-03-19,Meta Ads,592.16,52927,2904,119,8736.32
2025-03-19,LinkedIn Ads,349.79,32440,1749,56,3702.67
2025-03-19,Email,89.73,11223,218,16,1535.71
2025-03-19,Organic,0.0,5004,146,5,423.28
2025-03-20,Google Ads,675.16,76104,3655,177,14410.64
2025-03-20,Meta Ads,635.81,49922,1443,60,4809.91
2025-03-20,LinkedIn Ads,521.72,47550,2313,74,6738.14
2025-03-20,Email,119.27,12887,258,15,1542.23
2025-03-20,Organic,0.0,3435,52,0,0.0
2025-03-21,Google Ads,1095.27,90832,2671,127,13572.4
2025-03-21,Meta Ads,609.76,75742,1841,72,6926.28
2025-03-21,LinkedIn Ads,362.07,33589,808,22,1555.89
2025-03-21,Email,110.89,10508,494,33,2796.88
2025-03-21,Organic,0.0,2923,130,1,91.33
2025-03-22,Google Ads,802.07,99975,4514,214,21042.61
2025-03-22,Meta Ads,607.82,52814,2635,102,7681.97
2025-03-22,LinkedIn Ads,308.93,26108,404,12,680.66
2025-03-22,Email,111.11,11766,316,23,1656.94
2025-03-22,Organic,0.0,4231,74,0,0.0
2025-03-23,Google Ads,1178.69,102684,3303,154,15058.93
2025-03-23,Meta Ads,580.21,60574,2504,94,6981.18
2025-03-23,LinkedIn Ads,572.19,58085,947,28,2162.48
2025-03-23,Email,127.23,15858,532,35,2510.47
2025-03-23,Organic,0.0,3319,108,5,523.62
2025-03-24,Google Ads,1268.99,106907,3794,179,14554.32
2025-03-24,Meta Ads,552.43,54834,2253,86,8021.42
2025-03-24,LinkedIn Ads,404.36,43689,779,26,1920.44
2025-03-24,Email,80.4,7907,133,8,596.91
2025-03-24,Organic,0.0,2940,83,0,0.0
2025-03-25,Google Ads,561.44,46273,1650,79,6348.59
2025-03-25,Meta Ads,568.37,67156,2543,94,8152.19
2025-03-25,LinkedIn Ads,383.99,28885,1146,35,2807.5
2025-03-25,Email,96.12,9654,482,36,3027.24
2025-03-25,Organic,0.0,3406,69,0,0.0
2025-03-26,Google Ads,494.29,61518,2679,125,7660.27
2025-03-26,Meta Ads,856.63,102305,5442,212,18486.8
2025-03-26,LinkedIn Ads,561.22,43140,1309,41,2161.63
2025-03-26,Email,98.43,7604,241,16,1378.44
2025-03-26,Organic,0.0,5949,165,1,107.59
2025-03-27,Google Ads,1199.29,147851,5758,284,19280.28
2025-03-27,Meta Ads,701.19,53952,1142,46,3168.32
2025-03-27,LinkedIn Ads,420.99,50409,2754,89,8310.96
2025-03-27,Email,147.53,15040,495,34,2497.97
2025-03-27,Organic,0.0,3880,77,0,0.0
2025-03-28,Google Ads,1092.48,131901,5632,285,32091.93
2025-03-28,Meta Ads,569.54,49278,1342,54,5751.07
2025-03-28,LinkedIn Ads,452.81,54995,2841,91,5251.64
2025-03-28,Email,99.2,10409,310,25,2417.34
2025-03-28,Organic,0.0,4443,133,1,66.78
2025-03-29,Google Ads,683.01,48853,1994,102,6508.62
2025-03-29,Meta Ads,912.33,67788,2127,92,6186.9
2025-03-29,LinkedIn Ads,237.11,19697,1073,37,4194.72
2025-03-29,Email,106.14,8324,286,21,1635.15
2025-03-29,Organic,0.0,4622,94,1,82.64
2025-03-30,Google Ads,866.58,81221,2235,120,10126.97
2025-03-30,Meta Ads,493.73,38413,1859,78,4929.8
2025-03-30,LinkedIn Ads,137.62,17848,657,19,1672.54
2025-03-30,Email,96.66,7645,124,9,818.63
2025-03-30,Organic,0.0,4432,162,4,370.05
2025-03-31,Google Ads,494.76,42331,964,51,4206.37
2025-03-31,Meta Ads,617.38,53227,2855,124,11931.11
2025-03-31,LinkedIn Ads,292.73,28289,1132,40,1881.83
2025-03-31,Email,111.42,14443,725,60,6862.51
2025-03-31,Organic,0.0,5309,177,2,183.65
2025-04-01,Google Ads,1002.39,124713,2531,145,15945.16
2025-04-01,Meta Ads,973.33,88775,2959,135,11628.24
2025-04-01,LinkedIn Ads,363.84,26220,1410,54,4605.21
2025-04-01,Email,139.61,10557,477,35,2933.73
2025-04-01,Organic,0.0,3751,99,3,222.36
2025-04-02,Google Ads,954.11,94971,3617,206,21199.32
2025-04-02,Meta Ads,641.04,74278,2818,136,11142.91
2025-04-02,LinkedIn Ads,386.47,38889,1558,59,6747.0
2025-04-02,Email,112.76,12782,545,45,3320.72
2025-04-02,Organic,0.0,4499,215,6,431.88
2025-04-03,Google Ads,1225.56,158627,3652,218,22484.3
2025-04-03,Meta Ads,448.08,33221,505,25,2179.46
2025-04-03,LinkedIn Ads,338.08,31760,1395,53,5269.67
2025-04-03,Email,86.18,6159,167,18,1741.84
2025-04-03,Organic,0.0,4515,80,1,94.13
2025-04-04,Google Ads,795.76,79606,3724,227,18684.79
2025-04-04,Meta Ads,714.44,53135,1653,80,5883.88
2025-04-04,LinkedIn Ads,487.29,61278,1912,73,5900.16
2025-04-04,Email,139.0,13703,329,29,2475.07
2025-04-04,Organic,0.0,4056,95,5,389.11
2025-04-05,Google Ads,1034.56,126233,4185,258,22778.43
2025-04-05,Meta Ads,925.62,100175,3611,180,14713.58
2025-04-05,LinkedIn Ads,291.55,30261,599,21,1856.28
2025-04-05,Email,132.82,12496,266,22,2178.84
2025-04-05,Organic,0.0,3964,59,0,0.0
2025-04-06,Google Ads,1114.9,82236,3994,248,17886.57
2025-04-06,Meta Ads,896.98,68272,2007,104,8078.41
2025-04-06,LinkedIn Ads,502.74,62094,2008,78,6365.27
2025-04-06,Email,142.68,18241,338,30,3441.76
2025-04-06,Organic,0.0,3428,178,4,394.21
2025-04-07,Google Ads,806.75,98851,2205,138,10367.37
2025-04-07,Meta Ads,631.09,69777,3681,189,11129.07
2025-04-07,LinkedIn Ads,399.65,37210,1846,72,5044.07
2025-04-07,Email,118.15,12768,585,54,3515.86
2025-04-07,Organic,0.0,3623,177,5,339.59
2025-04-08,Google Ads,1133.8,94042,3960,250,15423.4
2025-04-08,Meta Ads,843.13,65929,2707,138,14059.65
2025-04-08,LinkedIn Ads,281.06,31701,728,32,2562.26
2025-04-08,Email,138.1,12714,220,20,1399.34
2025-04-08,Organic,0.0,3567,67,0,0.0
2025-04-09,Google Ads,939.71,67551,3002,188,17838.47
2025-04-09,Meta Ads,651.79,56053,2466,129,9898.99
2025-04-09,LinkedIn Ads,230.38,19165,388,14,1238.65
2025-04-09,Email,152.94,11406,345,29,2261.34
2025-04-09,Organic,0.0,5962,93,4,295.47
2025-04-10,Google Ads,413.65,38181,574,36,3593.88
2025-04-10,Meta Ads,463.5,59536,2910,149,14178.02
2025-04-10,LinkedIn Ads,172.65,15223,268,8,590.82
2025-04-10,Email,96.09,9517,427,37,3122.15
2025-04-10,Organic,0.0,4125,225,5,305.47
2025-04-11,Google Ads,1190.69,123447,5688,350,33228.03
2025-04-11,Meta Ads,548.41,58780,2988,148,14499.73
2025-04-11,LinkedIn Ads,490.34,39145,1593,62,6426.16
2025-04-11,Email,93.04,9520,165,16,1627.35
2025-04-11,Organic,0.0,4552,158,0,0.0
2025-04-12,Google Ads,742.74,94286,5043,304,28825.22
2025-04-12,Meta Ads,732.31,84693,3123,152,9923.93
2025-04-12,LinkedIn Ads,508.72,50302,2560,97,7024.71
2025-04-12,Email,132.08,17131,618,57,3905.61
2025-04-12,Organic,0.0,4819,194,0,0.0
2025-04-13,Google Ads,906.98,75412,2515,148,10754.2
2025-04-13,Meta Ads,930.47,104118,3207,155,12436.16
2025-04-13,LinkedIn Ads,327.09,27450,914,36,3363.65
2025-04-13,Email,132.52,14071,681,56,5826.53
2025-04-13,Organic,0.0,5727,138,0,0.0
2025-04-14,Google Ads,1098.52,124937,2350,132,10355.29
2025-04-14,Meta Ads,688.43,68053,2824,130,9787.29
2025-04-14,LinkedIn Ads,474.42,61482,1032,36,2709.34
2025-04-14,Email,159.64,14933,674,51,5105.75
2025-04-14,Organic,0.0,2773,151,5,281.29
2025-04-15,Google Ads,1153.4,143175,7172,393,36276.83
2025-04-15,Meta Ads,815.07,68238,3633,164,11812.22
2025-04-15,LinkedIn Ads,363.55,41134,1543,51,2939.3
2025-04-15,Email,97.15,11694,242,21,1737.06
2025-04-15,Organic,0.0,4701,238,7,552.43
2025-04-16,Google Ads,818.8,67371,2603,131,10052.83
2025-04-16,Meta Ads,520.41,63126,1469,64,6121.26
2025-04-16,LinkedIn Ads,526.56,63266,1789,59,5932.79
2025-04-16,Email,142.22,15541,327,25,2519.7
2025-04-16,Organic,0.0,5819,154,2,189.98
2025-04-17,Google Ads,1275.58,134478,2347,126,13293.32
2025-04-17,Meta Ads,552.25,45303,1048,44,3594.72
2025-04-17,LinkedIn Ads,340.62,38797,1576,49,5254.8
2025-04-17,Email,105.57,11251,572,41,3936.54
2025-04-17,Organic,0.0,2705,54,0,0.0
2025-04-18,Google Ads,957.12,75589,2284,117,12572.88
2025-04-18,Meta Ads,611.7,43577,1122,42,3653.85
2025-04-18,LinkedIn Ads,367.52,33702,1785,61,4339.09
2025-04-18,Email,129.91,13458,622,43,4002.53
2025-04-18,Organic,0.0,3604,188,4,393.26
2025-04-19,Google Ads,827.85,103696,4436,220,20897.55
2025-04-19,Meta Ads,773.78,66888,3162,125,8562.21
2025-04-19,LinkedIn Ads,443.95,50443,1890,60,5094.96
2025-04-19,Email,140.06,13002,279,21,2052.47
2025-04-19,Organic,0.0,4437,69,0,0.0
2025-04-20,Google Ads,1009.38,121727,2300,112,9610.59
2025-04-20,Meta Ads,1211.59,136147,4951,189,19891.51
2025-04-20,LinkedIn Ads,381.92,29449,1574,44,4017.56
2025-04-20,Email,110.91,13146,553,35,3507.83
2025-04-20,Organic,0.0,5593,234,2,193.16
2025-04-21,Google Ads,1150.11,137977,7070,337,28997.57
2025-04-21,Meta Ads,588.04,51311,1399,56,3487.32
2025-04-21,LinkedIn Ads,521.77,49188,872,24,1786.68
2025-04-21,Email,147.96,14199,602,40,3302.01
2025-04-21,Organic,0.0,5106,154,1,90.1
2025-04-22,Google Ads,1051.08,111484,6088,286,26130.99
2025-04-22,Meta Ads,670.58,83745,1294,50,4218.25
2025-04-22,LinkedIn Ads,411.31,52950,1970,56,5046.55
2025-04-22,Email,81.37,6694,239,16,1191.68
2025-04-22,Organic,0.0,4645,159,0,0.0
2025-04-23,Google Ads,946.64,100549,1817,85,6527.98
2025-04-23,Meta Ads,652.46,69123,2761,103,10036.94
2025-04-23,LinkedIn Ads,481.14,54079,2130,61,4157.87
2025-04-23,Email,92.47,9789,485,34,3063.7
2025-04-23,Organic,0.0,5438,249,1,106.46
2025-04-24,Google Ads,931.96,86800,4552,213,20345.73
2025-04-24,Meta Ads,711.72,59235,2608,103,9832.83
2025-04-24,LinkedIn Ads,464.63,46408,2075,60,5755.24
2025-04-24,Email,110.32,8280,391,27,2415.34
2025-04-24,Organic,0.0,4926,216,3,251.1
2025-04-25,Google Ads,1252.85,105892,4612,223,20156.47
2025-04-25,Meta Ads,799.39,56616,1411,53,3812.94
2025-04-25,LinkedIn Ads,570.5,60703,2544,76,6924.98
2025-04-25,Email,133.58,15946,834,55,4845.59
2025-04-25,Organic,0.0,4493,159,4,294.83
2025-04-26,Google Ads,590.39,69656,1974,95,7475.94
2025-04-26,Meta Ads,938.46,114889,4655,186,19359.04
2025-04-26,LinkedIn Ads,284.64,33313,1058,33,3547.02
2025-04-26,Email,120.01,12713,292,17,1859.67
2025-04-26,Organic,0.0,3374,116,1,106.65
2025-04-27,Google Ads,617.29,49117,1052,54,5230.2
2025-04-27,Meta Ads,759.51,90265,3827,156,11827.37
2025-04-27,LinkedIn Ads,291.48,29410,1071,32,2071.48
2025-04-27,Email,80.33,9616,447,33,2678.8
2025-04-27,Organic,0.0,5960,167,3,155.13
2025-04-28,Google Ads,848.3,87545,3075,157,14210.42
2025-04-28,Meta Ads,645.13,71362,3462,147,13833.11
2025-04-28,LinkedIn Ads,605.65,48223,2022,64,5973.29
2025-04-28,Email,92.44,7744,152,13,1284.1
2025-04-28,Organic,0.0,5589,150,0,0.0
2025-04-29,Google Ads,1253.75,154086,3060,161,16387.1
2025-04-29,Meta Ads,1020.94,78719,1847,78,6033.62
2025-04-29,LinkedIn Ads,318.46,28706,1291,41,3643.99
2025-04-29,Email,121.15,11494,519,40,3874.64
2025-04-29,Organic,0.0,4459,192,3,196.63
2025-04-30,Google Ads,1128.43,121740,4419,242,21484.17
2025-04-30,Meta Ads,539.55,41562,1184,54,3937.09
2025-04-30,LinkedIn Ads,352.71,43645,1011,32,1431.3
2025-04-30,Email,127.79,9084,424,33,2426.33
2025-04-30,Organic,0.0,5778,291,7,496.23
2025-05-01,Google Ads,978.71,109455,4937,281,28370.24
2025-05-01,Meta Ads,682.61,56114,1127,52,3009.18
2025-05-01,LinkedIn Ads,533.18,50264,1727,62,5235.76
2025-05-01,Email,114.05,12415,193,14,1048.66
2025-05-01,Organic,0.0,5081,173,4,295.07
2025-05-02,Google Ads,934.79,120496,3978,234,20917.21
2025-05-02,Meta Ads,701.4,58842,3101,147,11235.12
2025-05-02,LinkedIn Ads,415.1,44210,1912,70,4424.56
2025-05-02,Email,78.09,5678,164,13,1231.98
2025-05-02,Organic,0.0,3397,140,2,169.8
2025-05-03,Google Ads,1034.73,106478,1880,113,10380.09
2025-05-03,Meta Ads,954.77,111629,5031,246,26114.59
2025-05-03,LinkedIn Ads,440.98,47285,2113,78,6111.64
2025-05-03,Email,105.62,13035,586,51,4573.15
2025-05-03,Organic,0.0,5446,176,4,364.73
2025-05-04,Google Ads,1257.56,111186,3513,215,15678.69
2025-05-04,Meta Ads,963.45,101460,2274,115,10267.22
2025-05-04,LinkedIn Ads,439.9,50476,1883,74,5135.28
2025-05-04,Email,127.21,12292,406,35,3260.27
2025-05-04,Organic,0.0,4609,196,4,336.83
2025-05-05,Google Ads,580.05,49983,1131,72,5025.62
2025-05-05,Meta Ads,822.71,86975,2225,115,10701.63
2025-05-05,LinkedIn Ads,471.26,38296,709,29,2052.0
2025-05-05,Email,163.04,15642,254,22,2032.21
2025-05-05,Organic,0.0,4040,162,4,368.23
2025-05-06,Google Ads,594.49,59955,2664,166,18832.88
2025-05-06,Meta Ads,573.45,43387,1948,101,9940.94
2025-05-06,LinkedIn Ads,460.25,32375,1088,45,2638.22
2025-05-06,Email,139.15,12396,662,60,5066.81
2025-05-06,Organic,0.0,3007,123,4,419.74
2025-05-07,Google Ads,987.03,102457,4096,261,23161.04
2025-05-07,Meta Ads,882.89,92577,5057,260,28197.31
2025-05-07,LinkedIn Ads,318.16,26640,1035,44,3982.65
2025-05-07,Email,57.0,4713,258,24,2358.68
2025-05-07,Organic,0.0,4444,156,5,398.38
2025-05-08,Google Ads,783.14,85092,4592,290,25063.93
2025-05-08,Meta Ads,569.0,65360,3098,157,12428.52
2025-05-08,LinkedIn Ads,409.31,39774,2106,83,7265.5
2025-05-08,Email,107.98,7720,168,11,596.69
2025-05-08,Organic,0.0,3031,161,1,130.93
2025-05-09,Google Ads,651.78,68017,1773,110,9599.33
2025-05-09,Meta Ads,833.92,88037,2570,130,10759.44
2025-05-09,LinkedIn Ads,493.16,60645,2508,100,9143.19
2025-05-09,Email,109.77,13519,309,26,2598.44
2025-05-09,Organic,0.0,4034,80,0,0.0
2025-05-10,Google Ads,1094.92,117309,6174,386,30238.34
2025-05-10,Meta Ads,757.64,68831,2231,116,8109.89
2025-05-10,LinkedIn Ads,367.52,37895,1765,71,4763.7
2025-05-10,Email,110.96,10929,188,19,891.84
2025-05-10,Organic,0.0,4540,243,2,156.12
2025-05-11,Google Ads,762.14,67040,1629,101,8006.99
2025-05-11,Meta Ads,598.47,54652,2293,113,10167.85
2025-05-11,LinkedIn Ads,488.12,38705,708,26,1461.94
2025-05-11,Email,115.5,11989,565,50,3452.74
2025-05-11,Organic,0.0,3947,107,2,166.97
2025-05-12,Google Ads,970.44,90971,3967,237,17073.63
2025-05-12,Meta Ads,457.9,37292,1077,53,4521.65
2025-05-12,LinkedIn Ads,292.09,21234,425,17,1831.79
2025-05-12,Email,130.74,16528,258,17,1951.72
2025-05-12,Organic,0.0,4748,164,6,504.42
2025-05-13,Google Ads,1114.08,105178,2958,171,18543.81
2025-05-13,Meta Ads,652.05,50573,1155,58,6344.58
2025-05-13,LinkedIn Ads,621.88,52106,1933,71,7607.94
2025-05-13,Email,84.97,6667,252,20,1448.82
2025-05-13,Organic,0.0,5983,207,6,492.33
2025-05-14,Google Ads,1210.9,125359,3741,215,16040.13
2025-05-14,Meta Ads,840.13,106136,5387,252,18104.97
2025-05-14,LinkedIn Ads,214.77,27771,444,17,1479.53
2025-05-14,Email,69.95,7086,273,23,2426.21
2025-05-14,Organic,0.0,5485,256,7,667.33
2025-05-15,Google Ads,868.09,79060,1482,79,7697.52
2025-05-15,Meta Ads,695.22,50336,1341,59,4366.39
2025-05-15,LinkedIn Ads,393.04,38509,1749,62,5228.39
2025-05-15,Email,83.58,8007,311,27,2147.04
2025-05-15,Organic,0.0,5328,223,2,189.61
2025-05-16,Google Ads,815.1,94888,1891,104,6616.07
2025-05-16,Meta Ads,842.26,102064,5321,230,21941.97
2025-05-16,LinkedIn Ads,357.17,41575,2145,68,6678.69
2025-05-16,Email,166.68,13666,235,22,2155.17
2025-05-16,Organic,0.0,4004,98,3,338.19
2025-05-17,Google Ads,860.5,63650,1003,53,4582.96
2025-05-17,Meta Ads,926.78,107983,2632,110,9244.09
2025-05-17,LinkedIn Ads,409.18,51552,1320,43,4672.89
2025-05-17,Email,149.56,13319,651,47,4668.49
2025-05-17,Organic,0.0,5870,167,7,544.17
2025-05-18,Google Ads,436.34,41949,1962,99,7368.02
2025-05-18,Meta Ads,623.48,55358,2711,111,9481.29
2025-05-18,LinkedIn Ads,392.46,32146,694,23,2230.17
2025-05-18,Email,90.39,7807,223,17,1418.16
2025-05-18,Organic,0.0,4102,102,6,476.5
2025-05-19,Google Ads,1085.57,113630,5814,285,26645.02
2025-05-19,Meta Ads,822.33,60306,921,38,2593.07
2025-05-19,LinkedIn Ads,229.26,28216,1434,41,3318.85
2025-05-19,Email,137.82,15361,397,27,2095.43
2025-05-19,Organic,0.0,5949,232,4,355.3
2025-05-20,Google Ads,887.28,68334,2889,135,13045.93
2025-05-20,Meta Ads,940.11,98726,3021,117,9715.18
2025-05-20,LinkedIn Ads,308.76,37786,1357,41,3029.04
2025-05-20,Email,169.82,17599,927,64,5145.69
2025-05-20,Organic,0.0,2691,51,0,0.0
2025-05-21,Google Ads,1241.19,89299,3692,175,12376.21
2025-05-21,Meta Ads,713.56,57335,2162,84,6944.37
2025-05-21,LinkedIn Ads,209.22,15277,261,6,472.78
2025-05-21,Email,176.63,14764,584,41,2533.41
2025-05-21,Organic,0.0,5241,266,4,348.8
2025-05-22,Google Ads,931.69,74067,1264,59,3966.89
2025-05-22,Meta Ads,734.53,88199,2587,99,9655.69
2025-05-22,LinkedIn Ads,369.82,38679,1758,51,3788.4
2025-05-22,Email,146.91,12083,189,11,972.24
2025-05-22,Organic,0.0,2906,105,1,77.29
2025-05-23,Google Ads,641.85,70208,3780,176,19509.95
2025-05-23,Meta Ads,787.34,58347,1849,71,5069.04
2025-05-23,LinkedIn Ads,417.98,31184,910,28,1462.18
2025-05-23,Email,154.32,18520,881,56,5919.06
2025-05-23,Organic,0.0,4910,262,7,557.54
2025-05-24,Google Ads,1424.99,123526,2924,141,12970.99
2025-05-24,Meta Ads,392.96,28194,1446,54,4154.09
2025-05-24,LinkedIn Ads,585.12,44318,1227,37,3641.2
2025-05-24,Email,105.1,7673,257,14,980.83
2025-05-24,Organic,0.0,5523,171,3,328.43
2025-05-25,Google Ads,735.07,83716,4016,195,17259.52
2025-05-25,Meta Ads,656.51,67238,3280,124,8462.03
2025-05-25,LinkedIn Ads,381.42,46018,1581,48,2675.21
2025-05-25,Email,124.31,12975,363,25,2282.35
2025-05-25,Organic,0.0,3308,77,1,89.53
2025-05-26,Google Ads,658.83,61228,2435,118,12658.84
2025-05-26,Meta Ads,657.7,85407,1934,72,4643.93
2025-05-26,LinkedIn Ads,303.65,22452,1133,33,2753.17
2025-05-26,Email,38.9,4862,223,16,1106.78
2025-05-26,Organic,0.0,2994,135,0,0.0
2025-05-27,Google Ads,645.15,54211,864,44,3493.38
2025-05-27,Meta Ads,611.23,74633,3885,158,13178.26
2025-05-27,LinkedIn Ads,408.35,38210,616,18,1480.75
2025-05-27,Email,120.93,14178,386,28,2168.38
2025-05-27,Organic,0.0,3856,145,7,731.53
2025-05-28,Google Ads,774.06,78018,1777,92,7566.55
2025-05-28,Meta Ads,553.92,44202,1055,42,3029.37
2025-05-28,LinkedIn Ads,255.82,22200,627,22,2147.7
2025-05-28,Email,131.09,15146,667,53,4380.95
2025-05-28,Organic,0.0,3959,84,4,358.79
2025-05-29,Google Ads,763.54,60285,1550,83,5617.82
2025-05-29,Meta Ads,393.43,43584,752,32,2520.34
2025-05-29,LinkedIn Ads,305.43,33135,841,29,2029.04
2025-05-29,Email,97.43,9224,227,19,1761.95
2025-05-29,Organic,0.0,3532,130,3,348.66
2025-05-30,Google Ads,955.33,73595,1601,82,8496.28
2025-05-30,Meta Ads,577.02,57947,2347,102,5511.01
2025-05-30,LinkedIn Ads,553.97,55421,2260,81,6816.32
2025-05-30,Email,108.52,9412,189,15,1085.12
2025-05-30,Organic,0.0,2805,70,0,0.0
2025-05-31,Google Ads,1024.33,119697,5584,314,28025.71
2025-05-31,Meta Ads,1136.94,83747,2220,104,8753.5
2025-05-31,LinkedIn Ads,516.05,56318,1410,48,3241.34
2025-05-31,Email,138.27,10691,460,38,2526.28
2025-05-31,Organic,0.0,4559,128,2,169.32
2025-06-01,Google Ads,858.24,61510,2476,143,15250.86
2025-06-01,Meta Ads,313.88,25260,677,32,2757.03
2025-06-01,LinkedIn Ads,562.22,56231,999,41,3605.73
2025-06-01,Email,96.07,8689,449,35,2828.23
2025-06-01,Organic,0.0,2535,138,4,382.11
2025-06-02,Google Ads,1096.57,117189,4482,267,26067.36
2025-06-02,Meta Ads,558.37,41822,2173,104,8254.41
2025-06-02,LinkedIn Ads,343.56,38162,1950,74,6514.54
2025-06-02,Email,112.76,14146,472,37,3138.68
2025-06-02,Organic,0.0,2871,117,0,0.0
2025-06-03,Google Ads,1031.39,81369,1520,89,9343.47
2025-06-03,Meta Ads,739.65,68819,2866,142,6941.24
2025-06-03,LinkedIn Ads,320.43,23695,1200,46,2555.73
2025-06-03,Email,108.16,10663,295,28,2365.31
2025-06-03,Organic,0.0,2507,69,2,141.86
2025-06-04,Google Ads,948.74,105884,4555,281,26127.41
2025-06-04,Meta Ads,763.29,76327,3374,169,15504.42
2025-06-04,LinkedIn Ads,608.6,73639,1682,64,5388.25
2025-06-04,Email,90.53,9517,348,31,2214.61
2025-06-04,Organic,0.0,4986,121,4,368.51
2025-06-05,Google Ads,899.46,100162,2513,156,15398.23
2025-06-05,Meta Ads,429.5,53204,2521,132,12356.66
2025-06-05,LinkedIn Ads,539.96,52900,1195,45,4164.38
2025-06-05,Email,173.89,15914,818,72,7448.4
2025-06-05,Organic,0.0,2759,85,1,108.86
2025-06-06,Google Ads,1052.76,89540,1774,111,10148.15
2025-06-06,Meta Ads,713.5,66120,1155,59,3131.07
2025-06-06,LinkedIn Ads,445.82,57895,1914,75,5077.5
2025-06-06,Email,69.38,5335,268,21,1358.03
2025-06-06,Organic,0.0,4082,161,0,0.0
2025-06-07,Google Ads,388.15,44182,901,54,4168.85
2025-06-07,Meta Ads,613.89,52639,1895,96,7434.88
2025-06-07,LinkedIn Ads,379.76,40709,1747,70,5142.22
2025-06-07,Email,112.16,8635,217,20,1142.07
2025-06-07,Organic,0.0,4334,163,3,291.18
2025-06-08,Google Ads,726.58,57463,1856,115,8470.34
2025-06-08,Meta Ads,730.2,92277,4171,216,19387.56
2025-06-08,LinkedIn Ads,395.41,42627,2052,80,5951.92
2025-06-08,Email,146.96,18583,371,35,2547.9
2025-06-08,Organic,0.0,4235,199,0,0.0
2025-06-09,Google Ads,1018.92,92222,4606,288,16136.45
2025-06-09,Meta Ads,852.29,90873,1450,73,4720.7
2025-06-09,LinkedIn Ads,436.43,52424,1199,47,3026.33
2025-06-09,Email,111.93,9611,337,30,2880.14
2025-06-09,Organic,0.0,5050,196,5,417.66
2025-06-10,Google Ads,1411.3,117461,4701,289,18980.19
2025-06-10,Meta Ads,751.23,55271,2165,108,11753.58
2025-06-10,LinkedIn Ads,469.54,35124,1147,42,3325.75
2025-06-10,Email,107.59,8837,269,23,1761.59
2025-06-10,Organic,0.0,3088,163,2,187.25
2025-06-11,Google Ads,873.81,61551,986,56,5646.66
2025-06-11,Meta Ads,1181.38,153194,3534,172,13788.31
2025-06-11,LinkedIn Ads,135.09,12134,467,20,1080.53
2025-06-11,Email,61.52,7765,422,38,3654.65
2025-06-11,Organic,0.0,5484,118,2,158.98
2025-06-12,Google Ads,1118.29,89678,1543,87,8892.54
2025-06-12,Meta Ads,572.51,54285,2232,105,9017.27
2025-06-12,LinkedIn Ads,405.23,51784,1014,38,2497.16
2025-06-12,Email,118.88,8685,344,30,1944.13
2025-06-12,Organic,0.0,5360,182,2,130.63
2025-06-13,Google Ads,1013.11,121408,2912,164,10182.85
2025-06-13,Meta Ads,402.13,51750,1150,52,5260.76
2025-06-13,LinkedIn Ads,344.59,36079,1742,66,5946.33
2025-06-13,Email,128.46,9451,403,32,2206.42
2025-06-13,Organic,0.0,5139,215,6,687.32
2025-06-14,Google Ads,937.29,108852,5961,326,19250.14
2025-06-14,Meta Ads,1029.57,79950,2507,110,7694.7
2025-06-14,LinkedIn Ads,491.97,51824,2723,97,6432.77
2025-06-14,Email,98.1,10727,246,17,1262.87
2025-06-14,Organic,0.0,5659,252,4,330.38
2025-06-15,Google Ads,974.44,83480,3572,193,20389.96
2025-06-15,Meta Ads,754.8,86123,3393,145,12247.08
2025-06-15,LinkedIn Ads,346.85,36751,1306,41,2353.35
2025-06-15,Email,119.03,13578,216,18,1563.23
2025-06-15,Organic,0.0,4026,152,1,105.67
2025-06-16,Google Ads,818.38,88814,2311,118,8161.01
2025-06-16,Meta Ads,697.32,73418,2029,88,8119.57
2025-06-16,LinkedIn Ads,246.55,21041,591,21,1664.21
2025-06-16,Email,107.9,12671,385,32,2062.81
2025-06-16,Organic,0.0,4568,146,1,88.0
2025-06-17,Google Ads,564.94,49148,1524,76,7984.09
2025-06-17,Meta Ads,906.95,106946,5594,229,22898.0
2025-06-17,LinkedIn Ads,590.33,65375,3417,110,10421.67
2025-06-17,Email,109.08,7957,192,13,1192.92
2025-06-17,Organic,0.0,4134,211,0,0.0
2025-06-18,Google Ads,1352.71,170308,6780,331,20487.22
2025-06-18,Meta Ads,456.09,56179,1182,46,3286.68
2025-06-18,LinkedIn Ads,392.5,42359,1865,58,4064.98
2025-06-18,Email,108.75,8960,246,14,1539.51
2025-06-18,Organic,0.0,5503,141,3,226.46
2025-06-19,Google Ads,846.91,97459,4958,238,19019.33
2025-06-19,Meta Ads,764.76,97413,2928,113,9295.55
2025-06-19,LinkedIn Ads,301.0,25558,707,21,1866.48
2025-06-19,Email,126.38,11140,549,39,3637.22
2025-06-19,Organic,0.0,3017,128,2,180.92
2025-06-20,Google Ads,901.62,98044,3472,159,12656.31
2025-06-20,Meta Ads,572.59,67647,3345,131,8663.29
2025-06-20,LinkedIn Ads,473.14,59967,1650,50,5022.09
2025-06-20,Email,146.17,16175,405,27,2324.51
2025-06-20,Organic,0.0,3115,153,3,299.03
2025-06-21,Google Ads,624.78,65395,1786,86,9184.73
2025-06-21,Meta Ads,680.21,87662,4584,175,16627.61
2025-06-21,LinkedIn Ads,585.19,73342,1516,44,3224.57
2025-06-21,Email,107.29,11449,312,20,1637.5
2025-06-21,Organic,0.0,5598,236,1,96.9
2025-06-22,Google Ads,1124.22,105212,2164,99,8450.48
2025-06-22,Meta Ads,653.77,84040,2501,93,6156.65
2025-06-22,LinkedIn Ads,127.77,15689,552,18,1222.81
2025-06-22,Email,120.73,15570,389,26,1990.9
2025-06-22,Organic,0.0,5665,179,5,396.36
2025-06-23,Google Ads,1014.8,110537,3510,164,9867.79
2025-06-23,Meta Ads,650.04,74836,2657,104,6231.29
2025-06-23,LinkedIn Ads,399.72,50062,1441,43,2746.13
2025-06-23,Email,107.74,7543,389,27,2570.23
2025-06-23,Organic,0.0,3962,178,4,362.09
2025-06-24,Google Ads,692.15,77751,2123,103,8625.25
2025-06-24,Meta Ads,691.13,79231,3441,136,9886.27
2025-06-24,LinkedIn Ads,476.27,41182,1646,48,4012.55
2025-06-24,Email,95.37,10905,463,32,2799.73
2025-06-24,Organic,0.0,5205,258,5,423.33
2025-06-25,Google Ads,972.47,112100,2796,136,12020.55
2025-06-25,Meta Ads,703.08,85390,1613,62,6482.26
2025-06-25,LinkedIn Ads,466.47,42094,2024,61,4469.47
2025-06-25,Email,97.21,7202,161,7,644.51
2025-06-25,Organic,0.0,3110,91,2,168.51
2025-06-26,Google Ads,1037.84,106090,5155,260,27047.62
2025-06-26,Meta Ads,529.24,68603,1892,79,7259.38
2025-06-26,LinkedIn Ads,423.31,36834,1033,33,3651.36
2025-06-26,Email,114.94,9004,293,18,1506.15
2025-06-26,Organic,0.0,5535,253,3,214.91
2025-06-27,Google Ads,708.25,66292,2438,122,11263.23
2025-06-27,Meta Ads,548.09,43876,1202,53,4517.97
2025-06-27,LinkedIn Ads,479.04,38009,1401,48,3921.14
2025-06-27,Email,97.73,9266,153,11,1003.0
2025-06-27,Organic,0.0,5522,237,4,452.98
2025-06-28,Google Ads,907.19,97264,3317,179,19430.8
2025-06-28,Meta Ads,677.6,72987,2943,131,6257.9
2025-06-28,LinkedIn Ads,471.94,52759,2741,94,8339.41
2025-06-28,Email,158.49,17479,909,72,6571.47
2025-06-28,Organic,0.0,3169,150,0,0.0
2025-06-29,Google Ads,761.78,67031,2728,148,16151.49
2025-06-29,Meta Ads,844.94,77523,3717,166,10541.45
2025-06-29,LinkedIn Ads,347.53,26618,1340,47,4908.72
2025-06-29,Email,86.79,6206,264,20,1654.61
2025-06-29,Organic,0.0,2600,76,0,0.0
